{
    "swagger": "2.0",
    "info": {
        "contact": {}
    },
    "paths": {
        "/event": {
            "post": {
                "description": "This API creates a new event",
                "consumes": [
                    "application/json"
                ],
                "produces": [
                    "application/json"
                ],
                "tags": [
                    "Event"
                ],
                "summary": "Create Event",
                "parameters": [
                    {
                        "description": "Event Data",
                        "name": "event",
                        "in": "body",
                        "required": true,
                        "schema": {
                            "$ref": "#/definitions/models.Event"
                        }
                    }
                ],
                "responses": {
                    "201": {
                        "description": "Created",
                        "schema": {
                            "$ref": "#/definitions/models.Event"
                        }
                    },
                    "400": {
                        "description": "Bad Request",
                        "schema": {
                            "$ref": "#/definitions/webhandlers.ErrorResponse"
                        }
                    },
                    "500": {
                        "description": "Internal Server Error",
                        "schema": {
                            "$ref": "#/definitions/webhandlers.ErrorResponse"
                        }
                    }
                }
            }
        },
        "/event/{id}": {
            "get": {
                "description": "This API returns event details based on the provided event ID",
                "consumes": [
                    "application/json"
                ],
                "produces": [
                    "application/json"
                ],
                "tags": [
                    "Event"
                ],
                "summary": "Get Event",
                "parameters": [
                    {
                        "type": "string",
                        "description": "Event ID",
                        "name": "id",
                        "in": "path",
                        "required": true
                    }
                ],
                "responses": {
                    "200": {
                        "description": "OK",
                        "schema": {
                            "$ref": "#/definitions/models.Event"
                        }
                    },
                    "400": {
                        "description": "Bad Request",
                        "schema": {
                            "$ref": "#/definitions/webhandlers.ErrorResponse"
                        }
                    },
                    "404": {
                        "description": "Not Found",
                        "schema": {
                            "$ref": "#/definitions/webhandlers.ErrorResponse"
                        }
                    },
                    "500": {
                        "description": "Internal Server Error",
                        "schema": {
                            "$ref": "#/definitions/webhandlers.ErrorResponse"
                        }
                    }
                }
            },
            "put": {
                "description": "This API updates event details",
                "consumes": [
                    "application/json"
                ],
                "produces": [
                    "application/json"
                ],
                "tags": [
                    "Event"
                ],
                "summary": "Update Event",
                "parameters": [
                    {
                        "type": "string",
                        "description": "Event ID",
                        "name": "id",
                        "in": "path",
                        "required": true
                    },
                    {
                        "description": "Updated Event Data",
                        "name": "event",
                        "in": "body",
                        "required": true,
                        "schema": {
                            "$ref": "#/definitions/models.Event"
                        }
                    }
                ],
                "responses": {
                    "200": {
                        "description": "OK",
                        "schema": {
                            "$ref": "#/definitions/models.Event"
                        }
                    },
                    "400": {
                        "description": "Bad Request",
                        "schema": {
                            "$ref": "#/definitions/webhandlers.ErrorResponse"
                        }
                    },
                    "404": {
                        "description": "Not Found",
                        "schema": {
                            "$ref": "#/definitions/webhandlers.ErrorResponse"
                        }
                    },
                    "500": {
                        "description": "Internal Server Error",
                        "schema": {
                            "$ref": "#/definitions/webhandlers.ErrorResponse"
                        }
                    }
                }
            },
            "delete": {
                "description": "This API deletes an event based on the provided event ID",
                "consumes": [
                    "application/json"
                ],
                "produces": [
                    "application/json"
                ],
                "tags": [
                    "Event"
                ],
                "summary": "Delete Event",
                "parameters": [
                    {
                        "type": "string",
                        "description": "Event ID",
                        "name": "id",
                        "in": "path",
                        "required": true
                    }
                ],
                "responses": {
                    "204": {
                        "description": "No Content"
                    },
                    "400": {
                        "description": "Bad Request",
                        "schema": {
                            "$ref": "#/definitions/webhandlers.ErrorResponse"
                        }
                    },
                    "404": {
                        "description": "Not Found",
                        "schema": {
                            "$ref": "#/definitions/webhandlers.ErrorResponse"
                        }
                    },
                    "500": {
                        "description": "Internal Server Error",
                        "schema": {
                            "$ref": "#/definitions/webhandlers.ErrorResponse"
                        }
                    }
                }
            }
        },
        "/events": {
            "get": {
                "description": "This API returns a list of all events",
                "consumes": [
                    "application/json"
                ],
                "produces": [
                    "application/json"
                ],
                "tags": [
                    "Event"
                ],
                "summary": "List Events",
                "responses": {
                    "200": {
                        "description": "OK",
                        "schema": {
                            "type": "array",
                            "items": {
                                "$ref": "#/definitions/models.Event"
                            }
                        }
                    },
                    "500": {
                        "description": "Internal Server Error",
                        "schema": {
                            "$ref": "#/definitions/webhandlers.ErrorResponse"
                        }
                    }
                }
            }
        },
        "/history": {
            "get": {
                "description": "This API returns a list of all history records",
                "consumes": [
                    "application/json"
                ],
                "produces": [
                    "application/json"
                ],
                "tags": [
                    "History"
                ],
                "summary": "List History",
                "responses": {
                    "200": {
                        "description": "OK",
                        "schema": {
                            "type": "array",
                            "items": {
                                "$ref": "#/definitions/models.History"
                            }
                        }
                    },
                    "500": {
                        "description": "Internal Server Error",
                        "schema": {
                            "$ref": "#/definitions/webhandlers.ErrorResponse"
                        }
                    }
                }
            },
            "post": {
                "description": "This API creates a new history record",
                "consumes": [
                    "application/json"
                ],
                "produces": [
                    "application/json"
                ],
                "tags": [
                    "History"
                ],
                "summary": "Create History",
                "parameters": [
                    {
                        "description": "History Data",
                        "name": "body",
                        "in": "body",
                        "required": true,
                        "schema": {
                            "$ref": "#/definitions/models.History"
                        }
                    }
                ],
                "responses": {
                    "201": {
                        "description": "Created",
                        "schema": {
                            "$ref": "#/definitions/models.History"
                        }
                    },
                    "400": {
                        "description": "Bad Request",
                        "schema": {
                            "$ref": "#/definitions/webhandlers.ErrorResponse"
                        }
                    },
                    "500": {
                        "description": "Internal Server Error",
                        "schema": {
                            "$ref": "#/definitions/webhandlers.ErrorResponse"
                        }
                    }
                }
            }
        },
        "/history/{id}": {
            "get": {
                "description": "This API returns history details based on the provided history ID",
                "consumes": [
                    "application/json"
                ],
                "produces": [
                    "application/json"
                ],
                "tags": [
                    "History"
                ],
                "summary": "Get History",
                "parameters": [
                    {
                        "type": "string",
                        "description": "History ID",
                        "name": "id",
                        "in": "path",
                        "required": true
                    }
                ],
                "responses": {
                    "200": {
                        "description": "OK",
                        "schema": {
                            "$ref": "#/definitions/models.History"
                        }
                    },
                    "400": {
                        "description": "Bad Request",
                        "schema": {
                            "$ref": "#/definitions/webhandlers.ErrorResponse"
                        }
                    },
                    "404": {
                        "description": "Not Found",
                        "schema": {
                            "$ref": "#/definitions/webhandlers.ErrorResponse"
                        }
                    },
                    "500": {
                        "description": "Internal Server Error",
                        "schema": {
                            "$ref": "#/definitions/webhandlers.ErrorResponse"
                        }
                    }
                }
            },
            "put": {
                "description": "This API updates an existing history record",
                "consumes": [
                    "application/json"
                ],
                "produces": [
                    "application/json"
                ],
                "tags": [
                    "History"
                ],
                "summary": "Update History",
                "parameters": [
                    {
                        "type": "string",
                        "description": "History ID",
                        "name": "id",
                        "in": "path",
                        "required": true
                    },
                    {
                        "description": "Updated History Data",
                        "name": "body",
                        "in": "body",
                        "required": true,
                        "schema": {
                            "$ref": "#/definitions/models.History"
                        }
                    }
                ],
                "responses": {
                    "200": {
                        "description": "OK",
                        "schema": {
                            "$ref": "#/definitions/models.History"
                        }
                    },
                    "400": {
                        "description": "Bad Request",
                        "schema": {
                            "$ref": "#/definitions/webhandlers.ErrorResponse"
                        }
                    },
                    "404": {
                        "description": "Not Found",
                        "schema": {
                            "$ref": "#/definitions/webhandlers.ErrorResponse"
                        }
                    },
                    "500": {
                        "description": "Internal Server Error",
                        "schema": {
                            "$ref": "#/definitions/webhandlers.ErrorResponse"
                        }
                    }
                }
            },
            "delete": {
                "description": "This API deletes a history record based on the provided history ID",
                "consumes": [
                    "application/json"
                ],
                "produces": [
                    "application/json"
                ],
                "tags": [
                    "History"
                ],
                "summary": "Delete History",
                "parameters": [
                    {
                        "type": "string",
                        "description": "History ID",
                        "name": "id",
                        "in": "path",
                        "required": true
                    }
                ],
                "responses": {
                    "204": {
                        "description": "No Content"
                    },
                    "400": {
                        "description": "Bad Request",
                        "schema": {
                            "$ref": "#/definitions/webhandlers.ErrorResponse"
                        }
                    },
                    "404": {
                        "description": "Not Found",
                        "schema": {
                            "$ref": "#/definitions/webhandlers.ErrorResponse"
                        }
                    },
                    "500": {
                        "description": "Internal Server Error",
                        "schema": {
                            "$ref": "#/definitions/webhandlers.ErrorResponse"
                        }
                    }
                }
            }
        },
        "/market": {
            "get": {
                "description": "This API lists all market records",
                "consumes": [
                    "application/json"
                ],
                "produces": [
                    "application/json"
                ],
                "tags": [
                    "Market"
                ],
                "summary": "List Markets",
                "responses": {
                    "200": {
                        "description": "OK",
                        "schema": {
                            "type": "array",
                            "items": {
                                "$ref": "#/definitions/models.Market"
                            }
                        }
                    },
                    "500": {
                        "description": "Internal Server Error",
                        "schema": {
                            "$ref": "#/definitions/webhandlers.ErrorResponse"
                        }
                    }
                }
            },
            "post": {
                "description": "This API creates a new market record",
                "consumes": [
                    "application/json"
                ],
                "produces": [
                    "application/json"
                ],
                "tags": [
                    "Market"
                ],
                "summary": "Create Market",
                "parameters": [
                    {
                        "description": "Market",
                        "name": "market",
                        "in": "body",
                        "required": true,
                        "schema": {
                            "$ref": "#/definitions/models.Market"
                        }
                    }
                ],
                "responses": {
                    "201": {
                        "description": "Created",
                        "schema": {
                            "$ref": "#/definitions/models.Market"
                        }
                    },
                    "500": {
                        "description": "Internal Server Error",
                        "schema": {
                            "$ref": "#/definitions/webhandlers.ErrorResponse"
                        }
                    }
                }
            }
        },
        "/market/check/{userId}/{itemId}": {
            "get": {
                "description": "This API checks if the user's XP is enough to buy an item from the market",
                "consumes": [
                    "application/json"
                ],
                "produces": [
                    "application/json"
                ],
                "tags": [
                    "Market"
                ],
                "summary": "Check User XP",
                "parameters": [
                    {
                        "type": "integer",
                        "description": "User ID",
                        "name": "userId",
                        "in": "path",
                        "required": true
                    },
                    {
                        "type": "integer",
                        "description": "Item ID",
                        "name": "itemId",
                        "in": "path",
                        "required": true
                    }
                ],
                "responses": {
                    "200": {
                        "description": "OK",
                        "schema": {
                            "$ref": "#/definitions/models.Message"
                        }
                    },
                    "400": {
                        "description": "Bad Request",
                        "schema": {
                            "$ref": "#/definitions/webhandlers.ErrorResponse"
                        }
                    },
                    "404": {
                        "description": "Not Found",
                        "schema": {
                            "$ref": "#/definitions/webhandlers.ErrorResponse"
                        }
                    },
                    "500": {
                        "description": "Internal Server Error",
                        "schema": {
                            "$ref": "#/definitions/webhandlers.ErrorResponse"
                        }
                    }
                }
            }
        },
        "/market/order/{userId}/{itemId}": {
            "post": {
                "description": "This API allows a user to order an item from the market if they have enough XP",
                "consumes": [
                    "application/json"
                ],
                "produces": [
                    "application/json"
                ],
                "tags": [
                    "Market"
                ],
                "summary": "Order Item",
                "parameters": [
                    {
                        "type": "integer",
                        "description": "User ID",
                        "name": "userId",
                        "in": "path",
                        "required": true
                    },
                    {
                        "type": "integer",
                        "description": "Item ID",
                        "name": "itemId",
                        "in": "path",
                        "required": true
                    }
                ],
                "responses": {
                    "200": {
                        "description": "OK",
                        "schema": {
                            "$ref": "#/definitions/models.Message"
                        }
                    },
                    "400": {
                        "description": "Bad Request",
                        "schema": {
                            "$ref": "#/definitions/webhandlers.ErrorResponse"
                        }
                    },
                    "404": {
                        "description": "Not Found",
                        "schema": {
                            "$ref": "#/definitions/webhandlers.ErrorResponse"
                        }
                    },
                    "500": {
                        "description": "Internal Server Error",
                        "schema": {
                            "$ref": "#/definitions/webhandlers.ErrorResponse"
                        }
                    }
                }
            }
        },
        "/market/{id}": {
            "get": {
                "description": "This API retrieves a market record by ID",
                "consumes": [
                    "application/json"
                ],
                "produces": [
                    "application/json"
                ],
                "tags": [
                    "Market"
                ],
                "summary": "Get Market",
                "parameters": [
                    {
                        "type": "integer",
                        "description": "Market ID",
                        "name": "id",
                        "in": "path",
                        "required": true
                    }
                ],
                "responses": {
                    "200": {
                        "description": "OK",
                        "schema": {
                            "$ref": "#/definitions/models.Market"
                        }
                    },
                    "404": {
                        "description": "Not Found",
                        "schema": {
                            "$ref": "#/definitions/webhandlers.ErrorResponse"
                        }
                    }
                }
            },
            "put": {
                "description": "This API updates an existing market record",
                "consumes": [
                    "application/json"
                ],
                "produces": [
                    "application/json"
                ],
                "tags": [
                    "Market"
                ],
                "summary": "Update Market",
                "parameters": [
                    {
                        "type": "integer",
                        "description": "Market ID",
                        "name": "id",
                        "in": "path",
                        "required": true
                    },
                    {
                        "description": "Market",
                        "name": "market",
                        "in": "body",
                        "required": true,
                        "schema": {
                            "$ref": "#/definitions/models.Market"
                        }
                    }
                ],
                "responses": {
                    "200": {
                        "description": "OK",
                        "schema": {
                            "$ref": "#/definitions/models.Market"
                        }
                    },
                    "500": {
                        "description": "Internal Server Error",
                        "schema": {
                            "$ref": "#/definitions/webhandlers.ErrorResponse"
                        }
                    }
                }
            },
            "delete": {
                "description": "This API deletes a market record by ID",
                "consumes": [
                    "application/json"
                ],
                "produces": [
                    "application/json"
                ],
                "tags": [
                    "Market"
                ],
                "summary": "Delete Market",
                "parameters": [
                    {
                        "type": "integer",
                        "description": "Market ID",
                        "name": "id",
                        "in": "path",
                        "required": true
                    }
                ],
                "responses": {
                    "204": {
                        "description": "No Content"
                    },
                    "500": {
                        "description": "Internal Server Error",
                        "schema": {
                            "$ref": "#/definitions/webhandlers.ErrorResponse"
                        }
                    }
                }
            }
        },
        "/questions/{difficulty}": {
            "get": {
                "description": "This API generates 10 questions with Gemini AI providing their answers too.",
                "consumes": [
                    "application/json"
                ],
                "produces": [
                    "application/json"
                ],
                "tags": [
                    "Question"
                ],
                "summary": "Get Questions",
                "parameters": [
                    {
                        "enum": [
                            "easy",
                            "medium",
                            "hard"
                        ],
                        "type": "string",
                        "description": "Difficulty Level",
                        "name": "difficulty",
                        "in": "path",
                        "required": true
                    }
                ],
                "responses": {
                    "200": {
                        "description": "OK",
                        "schema": {
                            "$ref": "#/definitions/webhandlers.ErrorResponse"
                        }
                    },
                    "400": {
                        "description": "Bad Request",
                        "schema": {
                            "$ref": "#/definitions/webhandlers.ErrorResponse"
                        }
                    },
                    "401": {
                        "description": "Unauthorized",
                        "schema": {
                            "$ref": "#/definitions/webhandlers.ErrorResponse"
                        }
                    },
                    "500": {
                        "description": "Internal Server Error",
                        "schema": {
                            "$ref": "#/definitions/webhandlers.ErrorResponse"
                        }
                    }
                }
            }
        },
        "/ranking": {
            "get": {
                "description": "This API returns the ranking of users based on XP",
                "consumes": [
                    "application/json"
                ],
                "produces": [
                    "application/json"
                ],
                "tags": [
                    "Ranking"
                ],
                "summary": "Get Rankings",
                "responses": {
                    "200": {
                        "description": "OK",
                        "schema": {
                            "type": "array",
                            "items": {
                                "$ref": "#/definitions/models.RankingResponse"
                            }
                        }
                    },
                    "400": {
                        "description": "Bad Request",
                        "schema": {
                            "$ref": "#/definitions/webhandlers.ErrorResponse"
                        }
                    },
                    "500": {
                        "description": "Internal Server Error",
                        "schema": {
                            "$ref": "#/definitions/webhandlers.ErrorResponse"
                        }
                    }
                }
            }
        },
        "/user": {
            "post": {
                "description": "This API creates a new user",
                "consumes": [
                    "application/json"
                ],
                "produces": [
                    "application/json"
                ],
                "tags": [
                    "User"
                ],
                "summary": "Create User",
                "parameters": [
                    {
                        "description": "User Data",
                        "name": "user",
                        "in": "body",
                        "required": true,
                        "schema": {
                            "$ref": "#/definitions/models.User"
                        }
                    }
                ],
                "responses": {
                    "201": {
                        "description": "Created",
                        "schema": {
                            "$ref": "#/definitions/models.User"
                        }
                    },
                    "400": {
                        "description": "Bad Request",
                        "schema": {
                            "$ref": "#/definitions/webhandlers.ErrorResponse"
                        }
                    },
                    "500": {
                        "description": "Internal Server Error",
                        "schema": {
                            "$ref": "#/definitions/webhandlers.ErrorResponse"
                        }
                    }
                }
            }
        },
        "/user/{id}": {
            "get": {
                "description": "This API returns user details based on the provided user ID",
                "consumes": [
                    "application/json"
                ],
                "produces": [
                    "application/json"
                ],
                "tags": [
                    "User"
                ],
                "summary": "Get User",
                "parameters": [
                    {
                        "type": "integer",
                        "description": "User ID",
                        "name": "id",
                        "in": "path",
                        "required": true
                    }
                ],
                "responses": {
                    "200": {
                        "description": "OK",
                        "schema": {
                            "$ref": "#/definitions/models.User"
                        }
                    },
                    "400": {
                        "description": "Bad Request",
                        "schema": {
                            "$ref": "#/definitions/webhandlers.ErrorResponse"
                        }
                    },
                    "404": {
                        "description": "Not Found",
                        "schema": {
                            "$ref": "#/definitions/webhandlers.ErrorResponse"
                        }
                    },
                    "500": {
                        "description": "Internal Server Error",
                        "schema": {
                            "$ref": "#/definitions/webhandlers.ErrorResponse"
                        }
                    }
                }
            },
            "put": {
                "description": "This API updates user details",
                "consumes": [
                    "application/json"
                ],
                "produces": [
                    "application/json"
                ],
                "tags": [
                    "User"
                ],
                "summary": "Update User",
                "parameters": [
                    {
                        "type": "integer",
                        "description": "User ID",
                        "name": "id",
                        "in": "path",
                        "required": true
                    },
                    {
                        "description": "Updated User Data",
                        "name": "user",
                        "in": "body",
                        "required": true,
                        "schema": {
                            "$ref": "#/definitions/models.User"
                        }
                    }
                ],
                "responses": {
                    "200": {
                        "description": "OK",
                        "schema": {
                            "$ref": "#/definitions/models.User"
                        }
                    },
                    "400": {
                        "description": "Bad Request",
                        "schema": {
                            "$ref": "#/definitions/webhandlers.ErrorResponse"
                        }
                    },
                    "404": {
                        "description": "Not Found",
                        "schema": {
                            "$ref": "#/definitions/webhandlers.ErrorResponse"
                        }
                    },
                    "500": {
                        "description": "Internal Server Error",
                        "schema": {
                            "$ref": "#/definitions/webhandlers.ErrorResponse"
                        }
                    }
                }
            },
            "delete": {
                "description": "This API deletes a user based on the provided user ID",
                "consumes": [
                    "application/json"
                ],
                "produces": [
                    "application/json"
                ],
                "tags": [
                    "User"
                ],
                "summary": "Delete User",
                "parameters": [
                    {
                        "type": "integer",
                        "description": "User ID",
                        "name": "id",
                        "in": "path",
                        "required": true
                    }
                ],
                "responses": {
                    "204": {
                        "description": "No Content"
                    },
                    "400": {
                        "description": "Bad Request",
                        "schema": {
                            "$ref": "#/definitions/webhandlers.ErrorResponse"
                        }
                    },
                    "404": {
                        "description": "Not Found",
                        "schema": {
                            "$ref": "#/definitions/webhandlers.ErrorResponse"
                        }
                    },
                    "500": {
                        "description": "Internal Server Error",
                        "schema": {
                            "$ref": "#/definitions/webhandlers.ErrorResponse"
                        }
                    }
                }
            }
        },
        "/users": {
            "get": {
                "description": "This API returns a list of all users",
                "consumes": [
                    "application/json"
                ],
                "produces": [
                    "application/json"
                ],
                "tags": [
                    "User"
                ],
                "summary": "List Users",
                "responses": {
                    "200": {
                        "description": "OK",
                        "schema": {
                            "type": "array",
                            "items": {
                                "$ref": "#/definitions/models.User"
                            }
                        }
                    },
                    "500": {
                        "description": "Internal Server Error",
                        "schema": {
                            "$ref": "#/definitions/webhandlers.ErrorResponse"
                        }
                    }
                }
            }
        }
    },
    "definitions": {
        "models.Event": {
            "type": "object",
            "properties": {
                "created_at": {
                    "type": "string"
                },
                "description": {
                    "type": "string"
                },
                "end_date": {
                    "type": "string"
                },
                "id": {
                    "type": "string"
                },
                "image": {
                    "type": "string"
                },
                "name": {
                    "type": "string"
                },
                "resp_officer": {
                    "type": "string"
                },
                "resp_officer_image": {
                    "type": "string"
                },
                "start_date": {
                    "type": "string"
                },
                "total_xp": {
                    "type": "integer"
                },
                "updated_at": {
                    "type": "string"
                }
            }
        },
        "models.History": {
            "type": "object",
            "properties": {
                "created_at": {
                    "type": "string"
                },
                "end_date": {
                    "type": "string"
                },
                "event_id": {
                    "type": "string"
                },
                "id": {
                    "type": "string"
                },
                "start_date": {
                    "type": "string"
                },
                "updated_at": {
                    "type": "string"
                },
                "user_id": {
                    "type": "integer"
                },
                "xp_earned": {
                    "type": "integer"
                }
            }
        },
        "models.Market": {
            "type": "object",
            "properties": {
                "category_name": {
                    "type": "string"
                },
                "count": {
                    "type": "integer"
                },
                "created_at": {
                    "type": "string"
                },
                "description": {
                    "type": "string"
                },
                "id": {
                    "type": "integer"
                },
                "image_url": {
                    "type": "string"
                },
                "name": {
                    "type": "string"
                },
                "updated_at": {
                    "type": "string"
                },
                "xp": {
                    "type": "integer"
                }
            }
        },
        "models.Message": {
            "type": "object",
            "properties": {
                "message": {
                    "type": "string"
                }
            }
        },
        "models.RankingResponse": {
            "type": "object",
            "properties": {
                "avatar": {
                    "type": "string"
                },
                "id": {
                    "type": "integer"
                },
                "location": {
                    "type": "string"
                },
                "rank": {
                    "type": "integer"
                },
                "user_name": {
                    "type": "string"
                },
                "xp": {
                    "type": "integer"
                }
            }
        },
        "models.User": {
            "type": "object",
            "properties": {
                "avatar": {
                    "type": "string"
                },
                "birth_date": {
                    "type": "string"
                },
                "first_name": {
                    "type": "string"
                },
                "id": {
                    "type": "integer"
                },
                "last_name": {
                    "type": "string"
                },
                "location": {
                    "type": "string"
                },
                "phone_number": {
                    "type": "string"
                },
                "xp": {
                    "type": "integer"
                }
            }
        },
        "webhandlers.ErrorResponse": {
            "type": "object",
            "properties": {
                "error": {
                    "type": "string"
                }
            }
        }
    }
}